{"cameraMode":{"drawMode":0,"name":"Shaded","section":"Shading Mode"},"sceneLighting":true,"audioPlay":false,"sceneViewState":{"m_AlwaysRefresh":false,"showFog":true,"showSkybox":true,"showFlares":true,"showImageEffects":true,"showParticleSystems":true,"showVisualEffectGraphs":true,"m_FxEnabled":true},"in2DMode":false,"pivot":{"x":24.643878936767579,"y":-3.084306240081787,"z":-8.491605758666993},"rotation":{"x":0.044945526868104938,"y":0.8014604449272156,"z":-0.061060573905706409,"w":0.593170702457428},"size":13.605474472045899,"orthographic":false}