{"cameraMode":{"drawMode":0,"name":"Shaded","section":"Shading Mode"},"sceneLighting":true,"audioPlay":false,"sceneViewState":{"m_AlwaysRefresh":false,"showFog":true,"showSkybox":true,"showFlares":true,"showImageEffects":true,"showParticleSystems":true,"showVisualEffectGraphs":true,"m_FxEnabled":true},"in2DMode":false,"pivot":{"x":-1.724968433380127,"y":1.2535088062286378,"z":0.8065145015716553},"rotation":{"x":0.2069588601589203,"y":-0.6813291907310486,"z":0.21013851463794709,"w":0.6699153780937195},"size":0.17320504784584046,"orthographic":false}