{"cameraMode":{"drawMode":0,"name":"Shaded","section":"Shading Mode"},"sceneLighting":true,"audioPlay":false,"sceneViewState":{"m_AlwaysRefresh":false,"showFog":true,"showSkybox":true,"showFlares":true,"showImageEffects":true,"showParticleSystems":true,"showVisualEffectGraphs":true,"m_FxEnabled":true},"in2DMode":false,"pivot":{"x":7.430019855499268,"y":-12.911100387573243,"z":-22.321556091308595},"rotation":{"x":-0.04532964527606964,"y":-0.9487035274505615,"z":0.26811498403549197,"w":-0.16117142140865327},"size":13.605474472045899,"orthographic":false}