{"cameraMode":{"drawMode":0,"name":"Shaded","section":"Shading Mode"},"sceneLighting":true,"audioPlay":false,"sceneViewState":{"m_AlwaysRefresh":false,"showFog":true,"showSkybox":true,"showFlares":true,"showImageEffects":true,"showParticleSystems":true,"showVisualEffectGraphs":true,"m_FxEnabled":true},"in2DMode":false,"pivot":{"x":-0.8989059925079346,"y":1.743815541267395,"z":0.1245475709438324},"rotation":{"x":-0.05573682859539986,"y":-0.9355021119117737,"z":0.17261506617069245,"w":-0.303297221660614},"size":0.17320504784584046,"orthographic":false}