{"cameraMode":{"drawMode":0,"name":"Shaded","section":"Shading Mode"},"sceneLighting":true,"audioPlay":false,"sceneViewState":{"m_AlwaysRefresh":false,"showFog":true,"showSkybox":true,"showFlares":true,"showImageEffects":true,"showParticleSystems":true,"showVisualEffectGraphs":true,"m_FxEnabled":true},"in2DMode":false,"pivot":{"x":2.637558937072754,"y":-6.875734329223633,"z":-21.381072998046876},"rotation":{"x":0.008520280010998249,"y":0.9822240471839905,"z":-0.18117685616016389,"w":0.04747951030731201},"size":11.438787460327149,"orthographic":false}