{"cameraMode":{"drawMode":0,"name":"Shaded","section":"Shading Mode"},"sceneLighting":false,"audioPlay":false,"sceneViewState":{"m_AlwaysRefresh":false,"showFog":true,"showSkybox":false,"showFlares":true,"showImageEffects":true,"showParticleSystems":true,"showVisualEffectGraphs":true,"m_FxEnabled":true},"in2DMode":false,"pivot":{"x":0.016291573643684388,"y":-0.31951168179512026,"z":1.0509116649627686},"rotation":{"x":0.16059884428977967,"y":0.03670773282647133,"z":-0.006091197952628136,"w":0.9864285588264465},"size":0.7784701585769653,"orthographic":false}