{"cameraMode":{"drawMode":0,"name":"Shaded","section":"Shading Mode"},"sceneLighting":false,"audioPlay":false,"sceneViewState":{"m_AlwaysRefresh":false,"showFog":true,"showSkybox":false,"showFlares":true,"showImageEffects":true,"showParticleSystems":true,"showVisualEffectGraphs":true,"m_FxEnabled":true},"in2DMode":false,"pivot":{"x":0.11320189386606217,"y":-0.28283560276031496,"z":0.5581005811691284},"rotation":{"x":0.2136535793542862,"y":-0.03107365220785141,"z":0.006683299783617258,"w":0.9765032529830933},"size":0.601654589176178,"orthographic":false}